{
  "rmse": 86.19825984322422,
  "mae": 75.52,
  "r2": -3.3026641965322696,
  "feature_count": 8
}